Close,RSI,Buy_Signal,Sell_Signal
100,,False,False
102,,False,False
101,,False,False
103,,False,False
104,83.33333333333333,False,True
102,62.50000000000001,False,False
101,42.857142857142854,False,False
105,70.0,False,False
106,66.66666666666666,False,False
107,66.66666666666666,False,False
108,87.5,False,True
110,100.0,False,True
109,83.33333333333333,False,True
108,66.66666666666666,False,False
107,50.0,False,False
106,33.33333333333333,False,False
105,0.0,True,False
